shape_id,Route,Variant,RouteID,CTPS_route_major,CTPS_route,direction_id,route_desc,trip_headsign,trip_count
34E0016,  34E,5,  34E_5,34,34.5,0,Route 34E_5 outbound,Walpole Center (Express to Lagrange),3
34E0005,  34E,5,  34E_5,34,34.5,1,Route 34E_5 inbound,Forest Hills,1
34E0029,  34E,6,  34E_6,34,34.6,0,Route 34E_6 outbound,East Walpole,18
34E0028,  34E,6,  34E_6,34,34.6,1,Route 34E_6 inbound,Forest Hills,18
34E0018,  34E,7,  34E_7,34,34.7,0,Route 34E_7 outbound,Walpole Center via Dedham Mall,24
34E0007,  34E,7,  34E_7,34,34.7,1,Route 34E_7 inbound,Forest Hills via Dedham Mall,37
34E0019,  34E,8,  34E_8,34,34.8,0,Route 34E_8 outbound,East Walpole via Dedham Mall,17
34E0008,  34E,8,  34E_8,34,34.8,1,Route 34E_8 inbound,Forest Hills via Dedham Mall,16
34E0020,  34E,9,  34E_9,34,34.9,0,Route 34E_9 outbound,Walpole Center via Dedham Mall,4
34E0032,  34E,9,  34E_9,34,34.9,1,Route 34E_9 inbound,Forest Hills via Mall & Walpole St,6
34E0030,  34E,Y,  34E_Y,34,34.93,1,Route 34E_Y inbound,Forest Hills via Dedham Mall,1
34E0021,  34E,T,  34E_T,34,34.95,0,Route 34E_T outbound,Walpole Center via Walpole St,1
34E0022,  34E,U,  34E_U,34,34.96,0,Route 34E_U outbound,Walpole Center via Dedham Mall,1
34E0010,  34E,U,  34E_U,34,34.96,1,Route 34E_U inbound,Forest Hills via Dedham Mall,1
340106,   34,K,   34_K,34,34.97,0,Route 34_K outbound,Dedham Line,1
340105,   34,K,   34_K,34,34.97,1,Route 34_K inbound,Townsend & Humboldt,1
350006,   35,_,   35_,35,35,0,Route 35_ outbound,Stimson St,17
350004,   35,_,   35_,35,35,1,Route 35_ inbound,Forest Hills,17
350016,   35,1,   35_1,35,35.1,0,Route 35_1 outbound,Dedham Mall,60
350015,   35,1,   35_1,35,35.1,1,Route 35_1 inbound,Forest Hills,61
350026,   35,2,   35_2,35,35.2,1,Route 35_2 inbound,Louis Pasteur Ave,1
350027,   35,3,   35_3,35,35.3,0,Route 35_3 outbound,Dedham Mall,1
360010,   36,_,   36_,36,36,0,Route 36_ outbound,Charles River Loop,60
360006,   36,_,   36_,36,36,1,Route 36_ inbound,Forest Hills,61
360103,   36,1,   36_1,36,36.1,0,Route 36_1 outbound,Millennium Park via V.A. Hospital,22
360104,   36,1,   36_1,36,36.1,1,Route 36_1 inbound,Forest Hills via Belgrade Ave.,21
360008,   36,5,   36_5,36,36.5,0,Route 36_5 outbound,Rivermoor Industrial Park,3
360105,   36,5,   36_5,36,36.5,1,Route 36_5 inbound,Forest Hills,3
360106,   36,6,   36_6,36,36.6,0,Route 36_6 outbound,Millennium Park via VA Hospital,1
360022,   36,7,   36_7,36,36.7,1,Route 36_7 inbound,Roslindale Square,1
360009,   36,8,   36_8,36,36.8,0,Route 36_8 outbound,VA Hospital,45
360005,   36,8,   36_8,36,36.8,1,Route 36_8 inbound,Forest Hills,46
360019,   36,9,   36_9,36,36.9,0,Route 36_9 outbound,Charles River Loop,1
360035,   36,9,   36_9,36,36.9,1,Route 36_9 inbound,Townsend & Humboldt,1
370006,   37,_,   37_,37,37,0,Route 37_ outbound,Baker & Vermont St,52
370004,   37,_,   37_,37,37,1,Route 37_ inbound,Forest Hills,51
370005,   37,3,   37_3,37,37.3,0,Route 37_3 outbound,LaGrange & Corey St,7
370003,   37,3,   37_3,37,37.3,1,Route 37_3 inbound,Forest Hills,8
380027,   38,_,   38_,38,38,0,Route 38_ outbound,Wren St,47
380025,   38,_,   38_,38,38,1,Route 38_ inbound,Forest Hills,47
380031,   38,1,   38_1,38,38.1,0,Route 38_1 outbound,Wren St,1
380036,   38,2,   38_2,38,38.2,1,Route 38_2 inbound,Louis Pasteur Ave,1
380035,   38,3,   38_3,38,38.3,1,Route 38_3 inbound,Louis Pasteur Ave,1
380026,   38,7,   38_7,38,38.7,0,Route 38_7 outbound,Baker & Vermont St,3
380024,   38,7,   38_7,38,38.7,1,Route 38_7 inbound,Forest Hills,3
390029,   39,3,   39_3,39,39.3,0,Route 39_3 outbound,Forest Hills,215
390036,   39,3,   39_3,39,39.3,1,Route 39_3 inbound,Back Bay,109
390030,   39,7,   39_7,39,39.7,0,Route 39_7 outbound,Forest Hills,1
390033,   39,7,   39_7,39,39.7,1,Route 39_7 inbound,Longwood Ave,4
390031,   39,9,   39_9,39,39.9,0,Route 39_9 outbound,Forest Hills,6
400006,   40,_,   40_,40,40,0,Route 40_ outbound,Georgetowne,25
400018,   40,_,   40_,40,40,1,Route 40_ inbound,Forest Hills,25
400014,   40,2,   40_2,40,40.2,0,Route 40_2 outbound,Georgetowne,12
400017,   40,2,   40_2,40,40.2,1,Route 40_2 inbound,Forest Hills,12
400005,   40,5,   40_5,40,40.5,0,Route 40_5 outbound,Cleary Square,14
400003,   40,5,   40_5,40,40.5,1,Route 40_5 inbound,Forest Hills,14
410021,   41,_,   41_,41,41,0,Route 41_ outbound,Centre & Eliot St,62
410020,   41,_,   41_,41,41,1,Route 41_ inbound,JFK/Umass,60
410022,   41,1,   41_1,41,41.1,0,Route 41_1 outbound,Centre & Eliot St,1
420004,   42,1,   42_1,42,42.1,0,Route 42_1 outbound,Forest Hills,134
420019,   42,1,   42_1,42,42.1,1,Route 42_1 inbound,Dudley,134
430016,   43,_,   43_,43,43,0,Route 43_ outbound,Ruggles,152
430012,   43,_,   43_,43,43,1,Route 43_ inbound,Park & Tremont St,152
440020,   44,1,   44_1,44,44.1,0,Route 44_1 outbound,Jackson Square,49
440003,   44,1,   44_1,44,44.1,1,Route 44_1 inbound,Ruggles,51
440019,   44,2,   44_2,44,44.2,0,Route 44_2 outbound,Jackson Square,1
440021,   44,3,   44_3,44,44.3,0,Route 44_3 outbound,Jackson Square,83
440004,   44,3,   44_3,44,44.3,1,Route 44_3 inbound,Ruggles,82
450035,   45,_,   45_,45,45,0,Route 45_ outbound,Franklin Park,52
450032,   45,_,   45_,45,45,1,Route 45_ inbound,Ruggles,56
450033,   45,1,   45_1,45,45.1,0,Route 45_1 outbound,Ashmont,3
450029,   45,1,   45_1,45,45.1,1,Route 45_1 inbound,Ruggles,1
450030,   45,2,   45_2,45,45.2,1,Route 45_2 inbound,Malcolm X Blvd,1
010031,   01,_,   01_,1,1,0,Route 01_ outbound,Harvard,285
010022,   01,_,   01_,1,1,1,Route 01_ inbound,Dudley,276
040008,   04,_,   04_,4,4,0,Route 04_ outbound,North Station via South Station,10
040009,   04,_,   04_,4,4,1,Route 04_ inbound,Tide St,10
040007,   04,1,   04_1,4,4.1,0,Route 04_1 outbound,North Station,9
040005,   04,1,   04_1,4,4.1,1,Route 04_1 inbound,Tide St via South Station,9
050009,   05,_,   05_,5,5,0,Route 05_ outbound,City Point,12
050027,   05,_,   05_,5,5,1,Route 05_ inbound,McCormack,13
070010,   07,1,   07_1,7,7.1,0,Route 07_1 outbound,City Point,80
070059,   07,1,   07_1,7,7.1,1,Route 07_1 inbound,Otis & Summer,106
070011,   07,2,   07_2,7,7.2,0,Route 07_2 outbound,City Point,24
070060,   07,5,   07_5,7,7.5,1,Route 07_5 inbound,Congress & Atlantic,15
070051,   07,7,   07_7,7,7.7,0,Route 07_7 outbound,City Point,9
080006,   08,1,   08_1,8,8.1,0,Route 08_1 outbound,Harbor Point,34
080045,   08,1,   08_1,8,8.1,1,Route 08_1 inbound,Kenmore,37
080033,   08,2,   08_2,8,8.2,0,Route 08_2 outbound,Dudley,1
080012,   08,3,   08_3,8,8.3,0,Route 08_3 outbound,Ruggles,1
080011,   08,3,   08_3,8,8.3,1,Route 08_3 inbound,Kenmore,1
080015,   08,9,   08_9,8,8.9,0,Route 08_9 outbound,Harbor Point via South Bay Center,56
080042,   08,9,   08_9,8,8.9,1,Route 08_9 inbound,Kenmore via South Bay Center,54
090019,   09,_,   09_,9,9,0,Route 09_ outbound,City Point,158
090079,   09,_,   09_,9,9,1,Route 09_ inbound,Copley,177
090020,   09,1,   09_1,9,9.1,0,Route 09_1 outbound,City Point,21
090033,   09,1,   09_1,9,9.1,1,Route 09_1 inbound,Copley,4
090042,   09,4,   09_4,9,9.4,1,Route 09_4 inbound,Kenmore via Boston Latin,1
090043,   09,5,   09_5,9,9.5,0,Route 09_5 outbound,City Point via Andrew,1
100010,   10,_,   10_,10,10,0,Route 10_ outbound,City Point,21
100071,   10,_,   10_,10,10,1,Route 10_ inbound,Copley,27
100022,   10,1,   10_1,10,10.1,1,Route 10_1 inbound,Dudley,1
100016,   10,3,   10_3,10,10.3,0,Route 10_3 outbound,Andrew via Boston Medical Center,1
100017,   10,4,   10_4,10,10.4,0,Route 10_4 outbound,City Point,1
100007,   10,5,   10_5,10,10.5,0,Route 10_5 outbound,City Point,3
100008,   10,6,   10_6,10,10.6,0,Route 10_6 outbound,Andrew via South Bay Center,1
100033,   10,8,   10_8,10,10.8,0,Route 10_8 outbound,City Point,2
100009,   10,9,   10_9,10,10.9,0,Route 10_9 outbound,City Point via South Bay Center,76
100069,   10,9,   10_9,10,10.9,1,Route 10_9 inbound,Copley via South Bay Center,74
110038,   11,2,   11_2,11,11.2,0,Route 11_2 outbound,Bayview,8
110022,   11,2,   11_2,11,11.2,1,Route 11_2 inbound,Kneeland St,8
110044,   11,3,   11_3,11,11.3,0,Route 11_3 outbound,Bayview,135
110031,   11,3,   11_3,11,11.3,1,Route 11_3 inbound,Downtown,136
110033,   11,4,   11_4,11,11.4,1,Route 11_4 inbound,Downtown,9
140030,   14,_,   14_,14,14,0,Route 14_ outbound,Roslindale Square,35
140029,   14,_,   14_,14,14,1,Route 14_ inbound,Heath St,35
140032,   14,1,   14_1,14,14.1,0,Route 14_1 outbound,Roslindale Square,1
140031,   14,1,   14_1,14,14.1,1,Route 14_1 inbound,Dudley,1
140010,   14,2,   14_2,14,14.2,0,Route 14_2 outbound,Dudley,5
140012,   14,2,   14_2,14,14.2,1,Route 14_2 inbound,Heath St,5
150048,   15,_,   15_,15,15,0,Route 15_ outbound,Kane Square,67
150042,   15,_,   15_,15,15,1,Route 15_ inbound,Ruggles,74
150043,   15,1,   15_1,15,15.1,0,Route 15_1 outbound,Fields Corner,126
150038,   15,1,   15_1,15,15.1,1,Route 15_1 inbound,Ruggles,125
150044,   15,2,   15_2,15,15.2,0,Route 15_2 outbound,St Peter's Square,21
150039,   15,2,   15_2,15,15.2,1,Route 15_2 inbound,Ruggles,22
150045,   15,3,   15_3,15,15.3,0,Route 15_3 outbound,Kane Square,2
150040,   15,3,   15_3,15,15.3,1,Route 15_3 inbound,Dudley,1
150041,   15,4,   15_4,15,15.4,1,Route 15_4 inbound,Dudley via Fields Corner,6
150047,   15,6,   15_6,15,15.6,0,Route 15_6 outbound,Fields Corner,1
160027,   16,_,   16_,16,16,1,Route 16_ inbound,Andrew,1
160028,   16,2,   16_2,16,16.2,0,Route 16_2 outbound,Forest Hills,11
160025,   16,2,   16_2,16,16.2,1,Route 16_2 inbound,UMass,10
160004,   16,3,   16_3,16,16.3,0,Route 16_3 outbound,Forest Hills,42
160003,   16,3,   16_3,16,16.3,1,Route 16_3 inbound,Andrew,30
160035,   16,8,   16_8,16,16.8,0,Route 16_8 outbound,Forest Hills via South Bay Center,9
160026,   16,8,   16_8,16,16.8,1,Route 16_8 inbound,UMass via South Bay Center,11
160034,   16,9,   16_9,16,16.9,0,Route 16_9 outbound,Forest Hills via South Bay Center,62
160010,   16,9,   16_9,16,16.9,1,Route 16_9 inbound,Andrew via South Bay Center,62
170020,   17,_,   17_,17,17,0,Route 17_ outbound,Fields Corner,103
170019,   17,_,   17_,17,17,1,Route 17_ inbound,Andrew,101
180007,   18,_,   18_,18,18,0,Route 18_ outbound,Ashmont,27
180006,   18,_,   18_,18,18,1,Route 18_ inbound,Andrew,27
190044,   19,_,   19_,19,19,0,Route 19_ outbound,Fields Corner,10
190039,   19,_,   19_,19,19,1,Route 19_ inbound,Ruggles,11
190040,   19,1,   19_1,19,19.1,0,Route 19_1 outbound,Fields Corner,1
190054,   19,3,   19_3,19,19.3,0,Route 19_3 outbound,Fields Corner,22
190037,   19,3,   19_3,19,19.3,1,Route 19_3 inbound,Kenmore,20
190063,   19,4,   19_4,19,19.4,0,Route 19_4 outbound,Adams & Gallivan,1
190059,   19,4,   19_4,19,19.4,1,Route 19_4 inbound,Louis Pasteur Ave,2
190055,   19,5,   19_5,19,19.5,0,Route 19_5 outbound,Adams & Gallivan,2
210036,   21,_,   21_,21,21,0,Route 21_ outbound,Ashmont,103
210045,   21,_,   21_,21,21,1,Route 21_ inbound,Forest Hills,104
220062,   22,_,   22_,22,22,0,Route 22_ outbound,Ashmont,232
220048,   22,_,   22_,22,22,1,Route 22_ inbound,Ruggles,238
220049,   22,1,   22_1,22,22.1,0,Route 22_1 outbound,Ashmont,1
220061,   22,2,   22_2,22,22.2,0,Route 22_2 outbound,Ashmont,1
220051,   22,3,   22_3,22,22.3,0,Route 22_3 outbound,Ashmont,1
230052,   23,_,   23_,23,23,0,Route 23_ outbound,Ashmont,284
230047,   23,_,   23_,23,23,1,Route 23_ inbound,Ruggles,283
230048,   23,1,   23_1,23,23.1,0,Route 23_1 outbound,Ashmont,1
230049,   23,2,   23_2,23,23.2,0,Route 23_2 outbound,Ashmont,1
230046,   23,2,   23_2,23,23.2,1,Route 23_2 inbound,Dudley,2
230050,   23,3,   23_3,23,23.3,0,Route 23_3 outbound,Ashmont,1
230051,   23,4,   23_4,23,23.4,0,Route 23_4 outbound,Franklin Park,2
230053,   23,6,   23_6,23,23.6,1,Route 23_6 inbound,Dudley,1
240037,   24,_,   24_,24,24,0,Route 24_ outbound,Wakefield Ave,28
240023,   24,_,   24_,24,24,1,Route 24_ inbound,Mattapan,26
240010,   24,1,   24_1,24,24.1,0,Route 24_1 outbound,Wakefield Ave,1
240069,   24,2,   24_2,24,24.2,0,Route 24_2 outbound,Wakefield Ave,44
240059,   24,2,   24_2,24,24.2,1,Route 24_2 inbound,Ashmont,44
240022,   24,4,   24_4,24,24.4,1,Route 24_4 inbound,Mattapan,2
240060,   24,5,   24_5,24,24.5,1,Route 24_5 inbound,Ashmont,1
260033,   26,1,   26_1,26,26.1,0,Route 26_1 outbound,Ashmont via Washington St,68
260014,   26,1,   26_1,26,26.1,1,Route 26_1 inbound,Gallivan Blvd via Norfolk St,68
260017,   26,2,   26_2,26,26.2,0,Route 26_2 outbound,Ashmont via Norfolk St,36
260032,   26,2,   26_2,26,26.2,1,Route 26_2 inbound,Gallivan Blvd via Washington St,36
270023,   27,_,   27_,27,27,0,Route 27_ outbound,Mattapan,28
270021,   27,_,   27_,27,27,1,Route 27_ inbound,Ashmont,29
280048,   28,_,   28_,28,28,0,Route 28_ outbound,Mattapan,282
280047,   28,_,   28_,28,28,1,Route 28_ inbound,Ruggles,115
280043,   28,2,   28_2,28,28.2,1,Route 28_2 inbound,Dudley,9
280045,   28,3,   28_3,28,28.3,0,Route 28_3 outbound,Mattapan,1
280044,   28,5,   28_5,28,28.5,1,Route 28_5 inbound,Ruggles,1
280046,   28,6,   28_6,28,28.6,0,Route 28_6 outbound,Mattapan,1
280049,   28,9,   28_9,28,28.9,0,Route 28_9 outbound,Mattapan,1
290035,   29,_,   29_,29,29,0,Route 29_ outbound,Mattapan,23
290029,   29,_,   29_,29,29,1,Route 29_ inbound,Ruggles,20
290033,   29,1,   29_1,29,29.1,0,Route 29_1 outbound,Mattapan via Franklin Field,11
290031,   29,1,   29_1,29,29.1,1,Route 29_1 inbound,Jackson via Franklin Field,11
290034,   29,5,   29_5,29,29.5,0,Route 29_5 outbound,Mattapan,17
290032,   29,5,   29_5,29,29.5,1,Route 29_5 inbound,Jackson,18
300009,   30,_,   30_,30,30,0,Route 30_ outbound,Mattapan,1
300008,   30,_,   30_,30,30,1,Route 30_ inbound,Roslindale Square,1
300004,   30,2,   30_2,30,30.2,0,Route 30_2 outbound,Mattapan,76
300003,   30,2,   30_2,30,30.2,1,Route 30_2 inbound,Forest Hills,79
310025,   31,_,   31_,31,31,0,Route 31_ outbound,Mattapan,278
310024,   31,_,   31_,31,31,1,Route 31_ inbound,Forest Hills,274
320040,   32,_,   32_,32,32,0,Route 32_ outbound,Cleary Square,57
320037,   32,_,   32_,32,32,1,Route 32_ inbound,Forest Hills,66
320033,   32,1,   32_1,32,32.1,0,Route 32_1 outbound,Wolcott Square,280
320031,   32,1,   32_1,32,32.1,1,Route 32_1 inbound,Forest Hills,286
320056,   32,2,   32_2,32,32.2,1,Route 32_2 inbound,Ave Louis Pasteur via Forest Hills,1
320038,   32,3,   32_3,32,32.3,0,Route 32_3 outbound,Wolcott Square,1
320035,   32,3,   32_3,32,32.3,1,Route 32_3 inbound,Forest Hills,1
320034,   32,5,   32_5,32,32.5,0,Route 32_5 outbound,River & Milton St,1
320032,   32,5,   32_5,32,32.5,1,Route 32_5 inbound,Forest Hills via River St,1
320039,   32,9,   32_9,32,32.9,0,Route 32_9 outbound,Wolcott Square,1
320036,   32,9,   32_9,32,32.9,1,Route 32_9 inbound,Townsend & Humboldt,1
330034,   33,1,   33_1,33,33.1,0,Route 33_1 outbound,River & Milton St,1
330039,   33,1,   33_1,33,33.1,1,Route 33_1 inbound,Mattapan,1
330033,   33,4,   33_4,33,33.4,0,Route 33_4 outbound,River & Milton St,2
330031,   33,4,   33_4,33,33.4,1,Route 33_4 inbound,Forest Hills,1
330035,   33,5,   33_5,33,33.5,0,Route 33_5 outbound,River & Milton St,22
330026,   33,5,   33_5,33,33.5,1,Route 33_5 inbound,Mattapan,24
330036,   33,6,   33_6,33,33.6,0,Route 33_6 outbound,River & Milton St,10
330040,   33,6,   33_6,33,33.6,1,Route 33_6 inbound,Mattapan,6
330041,   33,7,   33_7,33,33.7,1,Route 33_7 inbound,Forest Hills,3
340102,   34,_,   34_,34,34,0,Route 34_ outbound,Dedham Line,132
340100,   34,_,   34_,34,34,1,Route 34_ inbound,Forest Hills,137
34E0012,  34E,1,  34E_1,34,34.1,0,Route 34E_1 outbound,Walpole Center,2
34E0003,  34E,1,  34E_1,34,34.1,1,Route 34E_1 inbound,Forest Hills,6
34E0013,  34E,2,  34E_2,34,34.2,0,Route 34E_2 outbound,Walpole Center via Walpole St,2
34E0014,  34E,3,  34E_3,34,34.3,0,Route 34E_3 outbound,Walpole Center via Dedham Mall (Express to Lagrange),3
34E0015,  34E,4,  34E_4,34,34.4,0,Route 34E_4 outbound,Walpole Center via Washington St,15
34E0004,  34E,4,  34E_4,34,34.4,1,Route 34E_4 inbound,Forest Hills,4
450034,   45,3,   45_3,45,45.3,0,Route 45_3 outbound,Franklin Park,80
450031,   45,3,   45_3,45,45.3,1,Route 45_3 inbound,Ruggles,80
470034,   47,3,   47_3,47,47.3,0,Route 47_3 outbound,Central Square,3
470078,   47,3,   47_3,47,47.3,1,Route 47_3 inbound,Boston Medical Center,2
470031,   47,8,   47_8,47,47.8,0,Route 47_8 outbound,Central Square,110
470077,   47,8,   47_8,47,47.8,1,Route 47_8 inbound,Broadway,107
500004,   50,_,   50_,50,50,0,Route 50_ outbound,Cleary Square,37
500003,   50,_,   50_,50,50,1,Route 50_ inbound,Forest Hills,37
510005,   51,_,   51_,51,51,0,Route 51_ outbound,Reservoir,41
510004,   51,_,   51_,51,51,1,Route 51_ inbound,Forest Hills,42
510013,   51,1,   51_1,51,51.1,1,Route 51_1 inbound,Forest Hills,1
510022,   51,9,   51_9,51,51.9,0,Route 51_9 outbound,"Union Square, Allston",2
510023,   51,9,   51_9,51,51.9,1,Route 51_9 inbound,Forest Hills,1
520052,   52,_,   52_,52,52,0,Route 52_ outbound,Charles River Loop,2
520046,   52,_,   52_,52,52,1,Route 52_ inbound,Watertown Yard,3
520104,   52,1,   52_1,52,52.1,0,Route 52_1 outbound,Dedham Mall,6
520103,   52,1,   52_1,52,52.1,1,Route 52_1 inbound,Watertown Yard,4
520022,   52,3,   52_3,52,52.3,1,Route 52_3 inbound,Newton Corner,1
520048,   52,4,   52_4,52,52.4,0,Route 52_4 outbound,Charles River Loop,3
520043,   52,4,   52_4,52,52.4,1,Route 52_4 inbound,Watertown Yard,2
520102,   52,5,   52_5,52,52.5,0,Route 52_5 outbound,Dedham Mall,1
520107,   52,5,   52_5,52,52.5,1,Route 52_5 inbound,Watertown Yard,3
520050,   52,6,   52_6,52,52.6,0,Route 52_6 outbound,Charles River via Winchester St,1
520106,   52,7,   52_7,52,52.7,0,Route 52_7 outbound,Dedham Mall via Winchester St,5
520105,   52,7,   52_7,52,52.7,1,Route 52_7 inbound,Watertown Yard via Winchester St,5
550010,   55,_,   55_,55,55,0,Route 55_ outbound,Queensberry St,69
550022,   55,_,   55_,55,55,1,Route 55_ inbound,Copley,71
550011,   55,1,   55_1,55,55.1,0,Route 55_1 outbound,Queensberry St,24
550023,   55,1,   55_1,55,55.1,1,Route 55_1 inbound,Park St via Copley,25
570045,   57,_,   57_,57,57,0,Route 57_ outbound,Watertown Yard,276
570042,   57,_,   57_,57,57,1,Route 57_ inbound,Kenmore,274
57A0011,  57A,_,  57A_,57,57.1,0,Route 57A_ outbound,Oak Square,20
57A0010,  57A,_,  57A_,57,57.1,1,Route 57A_ inbound,Kenmore,24
570043,   57,2,   57_2,57,57.2,0,Route 57_2 outbound,Watertown Yard,1
570041,   57,4,   57_4,57,57.4,1,Route 57_4 inbound,Kenmore,1
570046,   57,5,   57_5,57,57.5,1,Route 57_5 inbound,"Union Square, Allston",2
570044,   57,8,   57_8,57,57.8,0,Route 57_8 outbound,Watertown Yard,2
590004,   59,_,   59_,59,59,0,Route 59_ outbound,Needham Junction,28
590003,   59,_,   59_,59,59,1,Route 59_ inbound,Watertown Square,29
590009,   59,2,   59_2,59,59.2,0,Route 59_2 outbound,Needham Junction via Needham St,11
590008,   59,2,   59_2,59,59.2,1,Route 59_2 inbound,Watertown Square via Needham St,10
600065,   60,_,   60_,60,60,0,Route 60_ outbound,Chestnut Hill Mall,66
600004,   60,_,   60_,60,60,1,Route 60_ inbound,Kenmore,65
600066,   60,2,   60_2,60,60.2,0,Route 60_2 outbound,Chestnut Hill Mall,15
600013,   60,2,   60_2,60,60.2,1,Route 60_2 inbound,Kenmore,15
600068,   60,3,   60_3,60,60.3,0,Route 60_3 outbound,Chestnut Hill Mall,1
600003,   60,3,   60_3,60,60.3,1,Route 60_3 inbound,Brookline Village,2
600067,   60,4,   60_4,60,60.4,0,Route 60_4 outbound,Chestnut Hill Mall,1
620010,   62,3,   62_3,62,62.3,0,Route 62_3 outbound,Bedford V.A.,18
620006,   62,3,   62_3,62,62.3,1,Route 62_3 inbound,Alewife,18
620019,   62,4,   62_4,62,62.4,0,Route 62_4 outbound,Bedford Center,3
620007,   62,4,   62_4,62,62.4,1,Route 62_4 inbound,Alewife,3
6270015,   62,7,   62_7,62,62.7,0,Route 62_7 outbound,Bedford V.A. via Hanscom A.F.B.,12
6270014,   62,7,   62_7,62,62.7,1,Route 62_7 inbound,Alewife,12
620013,   62,8,   62_8,62,62.8,0,Route 62_8 outbound,Lexington Center,2
620009,   62,8,   62_8,62,62.8,1,Route 62_8 inbound,Alewife,4
640060,   64,_,   64_,64,64,0,Route 64_ outbound,Oak Square,48
640016,   64,_,   64_,64,64,1,Route 64_ inbound,University Park,51
640062,   64,3,   64_3,64,64.3,0,Route 64_3 outbound,Faneuil Square,2
640061,   64,6,   64_6,64,64.6,0,Route 64_6 outbound,Oak Square,16
640015,   64,6,   64_6,64,64.6,1,Route 64_6 inbound,Kendall/MIT,16
650010,   65,_,   65_,65,65,0,Route 65_ outbound,Brighton Center,47
650003,   65,_,   65_,65,65,1,Route 65_ inbound,Kenmore,48
660030,   66,1,   66_1,66,66.1,0,Route 66_1 outbound,"Union Square, Allston via Brookline",1
660033,   66,1,   66_1,66,66.1,1,Route 66_1 inbound,Dudley via Allston,2
660031,   66,5,   66_5,66,66.5,0,Route 66_5 outbound,Brighton Center via Brookline,11
660036,   66,6,   66_6,66,66.6,0,Route 66_6 outbound,Harvard via Allston,230
660034,   66,6,   66_6,66,66.6,1,Route 66_6 inbound,Dudley via Allston,227
660035,   66,7,   66_7,66,66.7,1,Route 66_7 inbound,Dudley via Allston,2
670016,   67,4,   67_4,67,67.4,0,Route 67_4 outbound,Turkey Hill & Arlington Center,23
670012,   67,4,   67_4,67,67.4,1,Route 67_4 inbound,Alewife & Arlington Center,23
680008,   68,_,   68_,68,68,0,Route 68_ outbound,Harvard,19
680003,   68,_,   68_,68,68,1,Route 68_ inbound,Kendall/MIT,19
690004,   69,_,   69_,69,69,0,Route 69_ outbound,Harvard,127
690068,   69,_,   69_,69,69,1,Route 69_ inbound,Lechmere,124
690069,   69,1,   69_1,69,69.1,1,Route 69_1 inbound,Lechmere,2
700139,   70,_,   70_,70,70,0,Route 70_ outbound,Cedarwood,14
700090,   70,_,   70_,70,70,1,Route 70_ inbound,Central Square,14
70A0045,  70A,1,  70A_1,70,70.1,0,Route 70A_1 outbound,North Waltham,21
70A0014,  70A,1,  70A_1,70,70.1,1,Route 70A_1 inbound,Central Square,16
700137,   70,2,   70_2,70,70.2,0,Route 70_2 outbound,Watertown Square,3
700138,   70,3,   70_3,70,70.3,0,Route 70_3 outbound,Waltham Center,3
700037,   70,3,   70_3,70,70.3,1,Route 70_3 inbound,Central Square,6
70A0044,  70A,4,  70A_4,70,70.4,0,Route 70A_4 outbound,North Waltham,16
70A0015,  70A,4,  70A_4,70,70.4,1,Route 70A_4 inbound,Central Square,21
700134,   70,5,   70_5,70,70.5,0,Route 70_5 outbound,Cedarwood,57
700086,   70,5,   70_5,70,70.5,1,Route 70_5 inbound,University Park,57
700135,   70,6,   70_6,70,70.6,0,Route 70_6 outbound,Market Place Dr,44
700085,   70,6,   70_6,70,70.6,1,Route 70_6 inbound,University Park,46
700140,   70,7,   70_7,70,70.7,0,Route 70_7 outbound,Market Place Dr,6
700089,   70,7,   70_7,70,70.7,1,Route 70_7 inbound,Central Square,4
700136,   70,8,   70_8,70,70.8,0,Route 70_8 outbound,Waltham Center,29
700039,   70,8,   70_8,70,70.8,1,Route 70_8 inbound,University Park,26
710027,   71,_,   71_,71,71,0,Route 71_ outbound,Watertown Square,165
710025,   71,_,   71_,71,71,1,Route 71_ inbound,Harvard,165
710026,   71,1,   71_1,71,71.1,0,Route 71_1 outbound,Watertown Square,18
710024,   71,1,   71_1,71,71.1,1,Route 71_1 inbound,Harvard,18
710029,   71,2,   71_2,71,71.2,0,Route 71_2 outbound,Watertown Square,53
710028,   71,2,   71_2,71,71.2,1,Route 71_2 inbound,Harvard,55
720018,   72,_,   72_,72,72,0,Route 72_ outbound,Huron Ave,73
720017,   72,_,   72_,72,72,1,Route 72_ inbound,Harvard,73
7250022,   72,5,   72_5,72,72.5,0,Route 72_5 outbound,Belmont Center via Huron Ave,34
7250021,   72,5,   72_5,72,72.5,1,Route 72_5 inbound,Harvard via Huron Ave,34
720006,   72,6,   72_6,72,72.6,1,Route 72_6 inbound,Cambridge St at Felton St,1
730082,   73,_,   73_,73,73,0,Route 73_ outbound,Waverley,173
730093,   73,_,   73_,73,73,1,Route 73_ inbound,Harvard,175
730085,   73,1,   73_1,73,73.1,0,Route 73_1 outbound,Waverley,24
730094,   73,1,   73_1,73,73.1,1,Route 73_1 inbound,Harvard,24
730088,   73,2,   73_2,73,73.2,0,Route 73_2 outbound,Waverley,55
730097,   73,2,   73_2,73,73.2,1,Route 73_2 inbound,Harvard,53
730095,   73,4,   73_4,73,73.4,1,Route 73_4 inbound,Harvard,3
740012,   74,_,   74_,74,74,0,Route 74_ outbound,Belmont Center,37
740011,   74,_,   74_,74,74,1,Route 74_ inbound,Harvard,37
750009,   75,_,   75_,75,75,0,Route 75_ outbound,Belmont Center,25
750008,   75,_,   75_,75,75,1,Route 75_ inbound,Harvard,25
760020,   76,_,   76_,76,76,0,Route 76_ outbound,Hanscom Civil Airport & Lincoln Lab,11
760017,   76,_,   76_,76,76,1,Route 76_ inbound,Alewife,11
760018,   76,3,   76_3,76,76.3,0,Route 76_3 outbound,Hanscom Civil Airport & Lincoln Lab,9
760015,   76,3,   76_3,76,76.3,1,Route 76_3 inbound,Alewife,10
760019,   76,4,   76_4,76,76.4,0,Route 76_4 outbound,Five Forks via Lexington Center,2
760016,   76,4,   76_4,76,76.4,1,Route 76_4 inbound,Alewife,2
770044,   77,_,   77_,77,77,0,Route 77_ outbound,Arlington Heights,294
770043,   77,_,   77_,77,77,1,Route 77_ inbound,Harvard,292
770046,   77,4,   77_4,77,77.4,0,Route 77_4 outbound,North Cambridge,18
770045,   77,4,   77_4,77,77.4,1,Route 77_4 inbound,Harvard,17
780023,   78,1,   78_1,78,78.1,0,Route 78_1 outbound,Arlmont Village,62
780022,   78,1,   78_1,78,78.1,1,Route 78_1 inbound,Harvard,62
780025,   78,2,   78_2,78,78.2,0,Route 78_2 outbound,Arlington Heights,10
780024,   78,2,   78_2,78,78.2,1,Route 78_2 inbound,Harvard,11
790006,   79,_,   79_,79,79,0,Route 79_ outbound,Arlington Heights,30
790024,   79,_,   79_,79,79,1,Route 79_ inbound,Alewife,29
790023,   79,1,   79_1,79,79.1,1,Route 79_1 inbound,Alewife,3
800019,   80,_,   80_,80,80,0,Route 80_ outbound,Arlington Center,89
800018,   80,_,   80_,80,80,1,Route 80_ inbound,Lechmere,91
830027,   83,1,   83_1,83,83.1,0,Route 83_1 outbound,Rindge Ave,94
830003,   83,1,   83_1,83,83.1,1,Route 83_1 inbound,Central Square,94
830028,   83,2,   83_2,83,83.2,0,Route 83_2 outbound,Rindge Ave,2
840006,   84,1,   84_1,84,84.1,0,Route 84_1 outbound,Arlmont Village,6
840004,   84,1,   84_1,84,84.1,1,Route 84_1 inbound,Alewife,6
840007,   84,2,   84_2,84,84.2,0,Route 84_2 outbound,Arlmont Village,6
840005,   84,2,   84_2,84,84.2,1,Route 84_2 inbound,Alewife,5
850004,   85,_,   85_,85,85,0,Route 85_ outbound,Spring Hill,22
850003,   85,_,   85_,85,85,1,Route 85_ inbound,Kendall/MIT,23
860043,   86,_,   86_,86,86,0,Route 86_ outbound,Sullivan,109
860081,   86,_,   86_,86,86,1,Route 86_ inbound,Reservoir,95
860080,   86,7,   86_7,86,86.7,1,Route 86_7 inbound,Reservoir,15
870040,   87,_,   87_,87,87,0,Route 87_ outbound,Clarendon Hill,47
870026,   87,_,   87_,87,87,1,Route 87_ inbound,Lechmere,50
870041,   87,2,   87_2,87,87.2,0,Route 87_2 outbound,Arlington Center,63
870025,   87,2,   87_2,87,87.2,1,Route 87_2 inbound,Lechmere,63
880035,   88,_,   88_,88,88,0,Route 88_ outbound,Clarendon Hill,123
880027,   88,_,   88_,88,88,1,Route 88_ inbound,Lechmere,127
880036,   88,1,   88_1,88,88.1,0,Route 88_1 outbound,Clarendon Hill,3
880008,   88,3,   88_3,88,88.3,1,Route 88_3 inbound,Davis,5
890009,   89,_,   89_,89,89,0,Route 89_ outbound,Clarendon Hill,57
890006,   89,_,   89_,89,89,1,Route 89_ inbound,Sullivan,63
890011,   89,1,   89_1,89,89.1,1,Route 89_1 inbound,Sullivan,1
890007,   89,2,   89_2,89,89.2,0,Route 89_2 outbound,Davis,51
890005,   89,2,   89_2,89,89.2,1,Route 89_2 inbound,Sullivan,51
890021,   89,4,   89_4,89,89.4,0,Route 89_4 outbound,Clarendon Hill via Davis,2
900037,   90,_,   90_,90,90,0,Route 90_ outbound,Davis,40
900036,   90,_,   90_,90,90,1,Route 90_ inbound,Wellington,40
910014,   91,_,   91_,91,91,0,Route 91_ outbound,Sullivan,85
910006,   91,_,   91_,91,91,1,Route 91_ inbound,Central,88
910013,   91,7,   91_7,91,91.7,0,Route 91_7 outbound,Sullivan,19
910007,   91,7,   91_7,91,91.7,1,Route 91_7 inbound,Central,16
920036,   92,_,   92_,92,92,0,Route 92_ outbound,Sullivan,6
920014,   92,_,   92_,92,92,1,Route 92_ inbound,Haymarket,6
920076,   92,1,   92_1,92,92.1,0,Route 92_1 outbound,Assembly via Sullivan,29
920075,   92,1,   92_1,92,92.1,1,Route 92_1 inbound,Downtown,31
920041,   92,3,   92_3,92,92.3,0,Route 92_3 outbound,Sullivan,27
920039,   92,3,   92_3,92,92.3,1,Route 92_3 inbound,Downtown,25
920035,   92,7,   92_7,92,92.7,0,Route 92_7 outbound,Sullivan,4
920019,   92,7,   92_7,92,92.7,1,Route 92_7 inbound,Haymarket,5
930038,   93,_,   93_,93,93,0,Route 93_ outbound,Sullivan,17
930007,   93,_,   93_,93,93,1,Route 93_ inbound,Haymarket,14
930041,   93,1,   93_1,93,93.1,0,Route 93_1 outbound,Sullivan,101
930039,   93,1,   93_1,93,93.1,1,Route 93_1 inbound,Downtown,102
930042,   93,2,   93_2,93,93.2,0,Route 93_2 outbound,Sullivan via Navy Yard,13
930040,   93,2,   93_2,93,93.2,1,Route 93_2 inbound,Downtown via Navy Yard,12
930016,   93,4,   93_4,93,93.4,1,Route 93_4 inbound,Haymarket,1
930037,   93,7,   93_7,93,93.7,0,Route 93_7 outbound,Sullivan,20
930018,   93,7,   93_7,93,93.7,1,Route 93_7 inbound,Haymarket,20
940014,   94,1,   94_1,94,94.1,0,Route 94_1 outbound,Medford Square,76
940002,   94,1,   94_1,94,94.1,1,Route 94_1 inbound,Davis,78
940015,   94,2,   94_2,94,94.2,0,Route 94_2 outbound,Medford Square,1
950033,   95,_,   95_,95,95,0,Route 95_ outbound,West Medford,86
950002,   95,_,   95_,95,95,1,Route 95_ inbound,Sullivan,86
950003,   95,2,   95_2,95,95.2,0,Route 95_2 outbound,West Medford via High St,1
950034,   95,2,   95_2,95,95.2,1,Route 95_2 inbound,Fellsway Garage via High St,2
950018,   95,5,   95_5,95,95.5,0,Route 95_5 outbound,Winthrop & Brooks via Medford Square,3
950035,   95,5,   95_5,95,95.5,1,Route 95_5 inbound,Fellsway Garage via Winthrop,2
960021,   96,_,   96_,96,96,0,Route 96_ outbound,Medford Square,81
960020,   96,_,   96_,96,96,1,Route 96_ inbound,Harvard,81
960023,   96,1,   96_1,96,96.1,0,Route 96_1 outbound,Medford Square,4
960022,   96,1,   96_1,96,96.1,1,Route 96_1 inbound,Davis,4
970010,   97,5,   97_5,97,97.5,0,Route 97_5 outbound,Malden,38
970009,   97,5,   97_5,97,97.5,1,Route 97_5 inbound,Wellington,38
990061,   99,1,   99_1,99,99.1,1,Route 99_1 inbound,Malden,1
990016,   99,7,   99_7,99,99.7,0,Route 99_7 outbound,Boston Regional Medical Center,53
990014,   99,7,   99_7,99,99.7,1,Route 99_7 inbound,Wellington,53
990017,   99,8,   99_8,99,99.8,0,Route 99_8 outbound,Boston Regional Medical Ctr via Gateway Ctr,16
990015,   99,8,   99_8,99,99.8,1,Route 99_8 inbound,Wellington via Gateway Center,16
1000002,  100,_,  100_,100,100,1,Route 100_ inbound,Fells Garage via Fellsway,1
1000018,  100,1,  100_1,100,100.1,0,Route 100_1 outbound,Roosevelt Cir via Fellsway,8
1000008,  100,1,  100_1,100,100.1,1,Route 100_1 inbound,Wellington,8
1000028,  100,3,  100_3,100,100.3,0,Route 100_3 outbound,Elm St,81
1000027,  100,3,  100_3,100,100.3,1,Route 100_3 inbound,Wellington,83
1010064,  101,_,  101_,101,101,0,Route 101_ outbound,Stevens Square,2
1010028,  101,_,  101_,101,101,1,Route 101_ inbound,Sullivan Square,3
1010065,  101,1,  101_1,101,101.1,0,Route 101_1 outbound,Medford Square,2
1010020,  101,1,  101_1,101,101.1,1,Route 101_1 inbound,Sullivan Square,5
1010042,  101,2,  101_2,101,101.2,0,Route 101_2 outbound,Winthrop St & Brooks St,4
1010062,  101,3,  101_3,101,101.3,0,Route 101_3 outbound,Malden,40
1010027,  101,3,  101_3,101,101.3,1,Route 101_3 inbound,Sullivan Square,46
1010063,  101,4,  101_4,101,101.4,0,Route 101_4 outbound,Malden,56
1010021,  101,4,  101_4,101,101.4,1,Route 101_4 inbound,Sullivan Square,52
1010041,  101,8,  101_8,101,101.8,1,Route 101_8 inbound,Sullivan Square,4
1040010,  104,_,  104_,104,104,0,Route 104_ outbound,Malden,99
1040023,  104,_,  104_,104,104,1,Route 104_ inbound,Sullivan,102
1050023,  105,1,  105_1,105,105.1,0,Route 105_1 outbound,Malden,41
1050022,  105,1,  105_1,105,105.1,1,Route 105_1 inbound,Sullivan,41
1060056,  106,_,  106_,106,106,0,Route 106_ outbound,Lebanon Loop,68
1060072,  106,_,  106_,106,106,1,Route 106_ inbound,Wellington,7
1060069,  106,3,  106_3,106,106.3,1,Route 106_3 inbound,Wellington,63
1060055,  106,4,  106_4,106,106.4,0,Route 106_4 outbound,Lebanon Loop,11
1060070,  106,4,  106_4,106,106.4,1,Route 106_4 inbound,Malden,11
1060082,  106,5,  106_5,106,106.5,0,Route 106_5 outbound,Linwood & Lynde,3
1060081,  106,5,  106_5,106,106.5,1,Route 106_5 inbound,Malden,4
1060079,  106,6,  106_6,106,106.6,0,Route 106_6 outbound,Linwood & Lynde,1
1060080,  106,7,  106_7,106,106.7,0,Route 106_7 outbound,Franklin Square,10
1060078,  106,7,  106_7,106,106.7,1,Route 106_7 inbound,Wellington,11
1060083,  106,F,  106_F,106,106.91,0,Route 106_F outbound,Franklin Square via Lebanon Loop,1
1080040,  108,1,  108_1,108,108.1,0,Route 108_1 outbound,Linden Square via Pearl St,11
1080050,  108,1,  108_1,108,108.1,1,Route 108_1 inbound,Wellington via Pearl St,12
1080025,  108,2,  108_2,108,108.2,0,Route 108_2 outbound,Linden Square,1
1080036,  108,6,  108_6,108,108.6,0,Route 108_6 outbound,Linden Square,68
1080051,  108,6,  108_6,108,108.6,1,Route 108_6 inbound,Wellington,69
1080038,  108,7,  108_7,108,108.7,0,Route 108_7 outbound,Linden Square,3
1080052,  108,7,  108_7,108,108.7,1,Route 108_7 inbound,Malden,7
1090033,  109,_,  109_,109,109,0,Route 109_ outbound,Linden Square,100
1090032,  109,_,  109_,109,109,1,Route 109_ inbound,Sullivan Square,101
1090046,  109,1,  109_1,109,109.1,0,Route 109_1 outbound,Glendale Square,8
1090045,  109,1,  109_1,109,109.1,1,Route 109_1 inbound,Sullivan Square,4
1100045,  110,_,  110_,110,110,0,Route 110_ outbound,Wonderland,69
1100038,  110,_,  110_,110,110,1,Route 110_ inbound,Wellington,71
1100006,  110,2,  110_2,110,110.2,0,Route 110_2 outbound,Woodlawn,3
1100007,  110,4,  110_4,110,110.4,0,Route 110_4 outbound,Broadway & Park,21
1100004,  110,4,  110_4,110,110.4,1,Route 110_4 inbound,Wellington,24
1110145,  111,2,  111_2,111,111.2,0,Route 111_2 outbound,Cary Square,208
1110024,  111,2,  111_2,111,111.2,1,Route 111_2 inbound,Haymarket,202
1110055,  111,5,  111_5,111,111.5,0,Route 111_5 outbound,Woodlawn,218
1110023,  111,5,  111_5,111,111.5,1,Route 111_5 inbound,Haymarket,228
1110096,  111,6,  111_6,111,111.6,1,Route 111_6 inbound,Haymarket,27
1110056,  111,8,  111_8,111,111.8,0,Route 111_8 outbound,Broadway & Park,23
1110026,  111,8,  111_8,111,111.8,1,Route 111_8 inbound,Haymarket,19
1120037,  112,_,  112_,112,112,0,Route 112_ outbound,Wellington via Admiral's Hill & Market Basket,48
1120026,  112,_,  112_,112,112,1,Route 112_ inbound,Wood Island via Market Basket & Admiral's Hill,47
1120039,  112,1,  112_1,112,112.1,0,Route 112_1 outbound,Wellington via Admiral's Hill & Soldiers' Home,1
1120025,  112,1,  112_1,112,112.1,1,Route 112_1 inbound,Wood Island via Soldiers' Home & Admiral's Hill,2
1120038,  112,3,  112_3,112,112.3,0,Route 112_3 outbound,Wellington via Admiral's Hill & Market Basket,1
1140010,  114,1,  114_1,114,114.1,0,Route 114_1 outbound,Market Basket,9
1140011,  114,1,  114_1,114,114.1,1,Route 114_1 inbound,Maverick,9
1160036,  116,4,  116_4,116,116.4,0,Route 116_4 outbound,Wonderland,122
1160039,  116,4,  116_4,116,116.4,1,Route 116_4 inbound,Maverick,117
1160037,  116,7,  116_7,116,116.7,0,Route 116_7 outbound,Bellingham Square,9
1160040,  116,7,  116_7,116,116.7,1,Route 116_7 inbound,Maverick,12
1160038,  116,9,  116_9,116,116.9,0,Route 116_9 outbound,Wonderland,1
1170047,  117,_,  117_,117,117,1,Route 117_ inbound,Haymarket via Maverick,6
1170053,  117,1,  117_1,117,117.1,0,Route 117_1 outbound,Logan Airport Terminal C,3
1170049,  117,2,  117_2,117,117.2,0,Route 117_2 outbound,Maverick,2
1170044,  117,5,  117_5,117,117.5,0,Route 117_5 outbound,Wonderland,118
1170046,  117,5,  117_5,117,117.5,1,Route 117_5 inbound,Maverick,118
1170081,  117,8,  117_8,117,117.8,1,Route 117_8 inbound,Haymarket via Maverick,1
1170032,  117,9,  117_9,117,117.9,1,Route 117_9 inbound,Broadway & Central,3
1190027,  119,1,  119_1,119,119.1,0,Route 119_1 outbound,Northgate,44
1190023,  119,1,  119_1,119,119.1,1,Route 119_1 inbound,Beachmont,44
1190026,  119,2,  119_2,119,119.2,0,Route 119_2 outbound,Linden Square,1
1190024,  119,2,  119_2,119,119.2,1,Route 119_2 inbound,Beachmont,1
1200036,  120,_,  120_,120,120,0,Route 120_ outbound,Orient Heights,96
1200034,  120,_,  120_,120,120,1,Route 120_ inbound,Maverick via Jeffries Point,97
1200033,  120,1,  120_1,120,120.1,1,Route 120_1 inbound,Maverick,1
1200042,  120,5,  120_5,120,120.5,0,Route 120_5 outbound,Orient Heights,1
1200021,  120,6,  120_6,120,120.6,0,Route 120_6 outbound,Orient Heights,1
1210024,  121,_,  121_,121,121,0,Route 121_ outbound,Wood Island,6
1210016,  121,_,  121_,121,121,1,Route 121_ inbound,Maverick,6
1210023,  121,2,  121_2,121,121.2,0,Route 121_2 outbound,Eagle Square,9
1210015,  121,2,  121_2,121,121.2,1,Route 121_2 inbound,Maverick,8
1310012,  131,_,  131_,131,131,0,Route 131_ outbound,Melrose Highlands via East Side,12
1310008,  131,_,  131_,131,131,1,Route 131_ inbound,Oak Grove via East Side,10
1310019,  131,1,  131_1,131,131.1,0,Route 131_1 outbound,Melrose Highlands,4
1310020,  131,2,  131_2,131,131.2,0,Route 131_2 outbound,Melrose Highlands,2
1310025,  131,2,  131_2,131,131.2,1,Route 131_2 inbound,Malden,2
1310026,  131,3,  131_3,131,131.3,1,Route 131_3 inbound,Malden,3
1310011,  131,4,  131_4,131,131.4,0,Route 131_4 outbound,Melrose Highlands,6
1310007,  131,4,  131_4,131,131.4,1,Route 131_4 inbound,Oak Grove,9
1320013,  132,_,  132_,132,132,0,Route 132_ outbound,Redstone,33
1320027,  132,_,  132_,132,132,1,Route 132_ inbound,Malden,36
1340002,  134,1,  134_1,134,134.1,1,Route 134_1 inbound,Wellington via Veterans Senior Center,1
1340009,  134,2,  134_2,134,134.2,0,Route 134_2 outbound,North Woburn via Veterans Senior Center,2
1340003,  134,2,  134_2,134,134.2,1,Route 134_2 inbound,Wellington via Veterans Senior Center,1
1340010,  134,3,  134_3,134,134.3,0,Route 134_3 outbound,North Woburn,6
1340004,  134,3,  134_3,134,134.3,1,Route 134_3 inbound,Wellington,7
1340038,  134,4,  134_4,134,134.4,0,Route 134_4 outbound,Winthrop & Brooks,2
1340037,  134,4,  134_4,134,134.4,1,Route 134_4 inbound,Middlesex Ave at Second St,3
1340011,  134,5,  134_5,134,134.5,0,Route 134_5 outbound,North Woburn,21
1340005,  134,5,  134_5,134,134.5,1,Route 134_5 inbound,Wellington,19
1340012,  134,6,  134_6,134,134.6,0,Route 134_6 outbound,Winthrop St,23
1340006,  134,6,  134_6,134,134.6,1,Route 134_6 inbound,Wellington,26
1340019,  134,7,  134_7,134,134.7,0,Route 134_7 outbound,Medford Square,23
1340007,  134,7,  134_7,134,134.7,1,Route 134_7 inbound,Wellington,21
1340023,  134,9,  134_9,134,134.9,0,Route 134_9 outbound,Woburn Square,9
1340022,  134,9,  134_9,134,134.9,1,Route 134_9 inbound,Wellington,9
1340013,  134,C,  134_C,134,134.91,0,Route 134_C outbound,Winthrop St,6
1340008,  134,C,  134_C,134,134.91,1,Route 134_C inbound,Wellington,6
1360006,  136,3,  136_3,136,136.3,0,Route 136_3 outbound,Wakefield Square,1
1360003,  136,3,  136_3,136,136.3,1,Route 136_3 inbound,Oak Grove,1
1360023,  136,4,  136_4,136,136.4,0,Route 136_4 outbound,Wakefield Square,3
1360028,  136,4,  136_4,136,136.4,1,Route 136_4 inbound,Malden,6
1360022,  136,5,  136_5,136,136.5,0,Route 136_5 outbound,Reading Depot,26
1360029,  136,5,  136_5,136,136.5,1,Route 136_5 inbound,Malden,25
1360040,  136,6,  136_6,136,136.6,0,Route 136_6 outbound,Reading Depot,3
1370013,  137,3,  137_3,137,137.3,0,Route 137_3 outbound,Reading Depot,27
1370018,  137,3,  137_3,137,137.3,1,Route 137_3 inbound,Malden,32
1700022,  170,_,  170_,170,170,0,Route 170_ outbound,Waltham Central Square,2
1700021,  170,3,  170_3,170,170.3,1,Route 170_3 inbound,Dudley (Express),2
1710010,  171,_,  171_,171,171,0,Route 171_ outbound,Logan Airport via Andrew,6
1910033,  191,_,  191_,191,191,0,Route 191_ outbound,Mattapan via Dudley & Fields Corner,2
1910023,  191,_,  191_,191,191,1,Route 191_ inbound,Haymarket via Dudley & Fields Corner,3
1920016,  192,_,  192_,192,192,0,Route 192_ outbound,Forest Hills,2
1920015,  192,_,  192_,192,192,1,Route 192_ inbound,Haymarket via Forest Hills,2
1930027,  193,_,  193_,193,193,0,Route 193_ outbound,Watertown via Kenmore,2
1930026,  193,_,  193_,193,193,1,Route 193_ inbound,Haymarket via Kenmore,2
1940029,  194,_,  194_,194,194,0,Route 194_ outbound,Clarendon Hill via Sullivan,1
1940028,  194,_,  194_,194,194,1,Route 194_ inbound,Haymarket via Sullivan,3
1950006,  195,_,  195_,195,195,1,Route 195_ inbound,Downtown via Park St,3
2010009,  201,_,  201_,201,201,0,Route 201_ outbound,Adams & Gallivan via Neponset Ave,43
2010006,  201,_,  201_,201,201,1,Route 201_ inbound,Fields Corner via Adams St,44
2010016,  201,3,  201_3,201,201.3,0,Route 201_3 outbound,Quincy Garage via Neponset Ave & Hancock St,1
2010015,  201,7,  201_7,201,201.7,0,Route 201_7 outbound,North Quincy via Neponset Ave & Puritan Mall,19
2010013,  201,7,  201_7,201,201.7,1,Route 201_7 inbound,Fields Corner via Keystone Apts,19
2010007,  201,8,  201_8,201,201.8,0,Route 201_8 outbound,Keystone Apts via Neponset Ave,7
2010004,  201,8,  201_8,201,201.8,1,Route 201_8 inbound,Fields Corner via Adams St,7
2010008,  201,9,  201_9,201,201.9,0,Route 201_9 outbound,Keystone Apts via Neponset Ave & Puritan Mall,9
2010005,  201,9,  201_9,201,201.9,1,Route 201_9 inbound,Fields Corner via Adams St,9
2020021,  202,3,  202_3,202,202.3,1,Route 202_3 inbound,Fields Corner via Neponset Ave,3
2020006,  202,4,  202_4,202,202.4,0,Route 202_4 outbound,Hallet Square via Adams St,3
2020003,  202,4,  202_4,202,202.4,1,Route 202_4 inbound,Fields Corner via Neponset Ave,3
2020007,  202,5,  202_5,202,202.5,0,Route 202_5 outbound,Keystone Apts via Adams St,9
2020004,  202,5,  202_5,202,202.5,1,Route 202_5 inbound,Fields Corner via Neponset Ave & Puritan Mall,9
2020008,  202,6,  202_6,202,202.6,0,Route 202_6 outbound,Keystone Apts via Adams St,20
2020005,  202,6,  202_6,202,202.6,1,Route 202_6 inbound,Fields Corner via Neponset Ave,20
2020015,  202,7,  202_7,202,202.7,0,Route 202_7 outbound,North Quincy via Adams St & Keystone Apts,18
2020014,  202,7,  202_7,202,202.7,1,Route 202_7 inbound,Fields Corner via Neponset Ave,17
2020017,  202,8,  202_8,202,202.8,0,Route 202_8 outbound,Quincy Garage via Hancock St,1
2100015,  210,_,  210_,210,210,0,Route 210_ outbound,Quincy Center,17
2100021,  210,_,  210_,210,210,1,Route 210_ inbound,North Quincy,15
2100013,  210,1,  210_1,210,210.1,0,Route 210_1 outbound,Braintree,3
2100014,  210,3,  210_3,210,210.3,0,Route 210_3 outbound,Quincy Center,18
2100020,  210,3,  210_3,210,210.3,1,Route 210_3 inbound,Fields Corner,19
2110069,  211,_,  211_,211,211,0,Route 211_ outbound,Quincy Center,36
2110068,  211,_,  211_,211,211,1,Route 211_ inbound,Squantum,35
2110019,  211,1,  211_1,211,211.1,1,Route 211_1 inbound,Squantum,1
2110020,  211,3,  211_3,211,211.3,1,Route 211_3 inbound,Squantum,1
2110075,  211,7,  211_7,211,211.7,0,Route 211_7 outbound,Quincy Center via Billings Rd,7
2110076,  211,7,  211_7,211,211.7,1,Route 211_7 inbound,Squantum via Billings Rd,7
2110040,  211,9,  211_9,211,211.9,1,Route 211_9 inbound,Squantum,1
2120010,  212,2,  212_2,212,212.2,0,Route 212_2 outbound,Quincy Center,22
2120019,  212,2,  212_2,212,212.2,1,Route 212_2 inbound,North Quincy,22
2120020,  212,5,  212_5,212,212.5,1,Route 212_5 inbound,North Quincy,1
2140049,  214,1,  214_1,214,214.1,0,Route 214_1 outbound,Germantown via Coddington,22
2140056,  214,1,  214_1,214,214.1,1,Route 214_1 inbound,Quincy Center via Coddington,24
2140048,  214,2,  214_2,214,214.2,0,Route 214_2 outbound,Germantown via McGrath,12
2140057,  214,2,  214_2,214,214.2,1,Route 214_2 inbound,Quincy Center via McGrath,12
2140050,  214,3,  214_3,214,214.3,0,Route 214_3 outbound,Germantown,2
2140051,  214,4,  214_4,214,214.4,0,Route 214_4 outbound,Germantown,1
2150007,  215,_,  215_,215,215,0,Route 215_ outbound,Quincy Center,2
2150005,  215,_,  215_,215,215,1,Route 215_ inbound,North Quincy,2
2150067,  215,1,  215_1,215,215.1,0,Route 215_1 outbound,Quincy Center,63
2150049,  215,1,  215_1,215,215.1,1,Route 215_1 inbound,Ashmont,63
2150017,  215,2,  215_2,215,215.2,0,Route 215_2 outbound,Quincy Center,1
2150066,  215,3,  215_3,215,215.3,0,Route 215_3 outbound,Quincy Center,7
2150050,  215,3,  215_3,215,215.3,1,Route 215_3 inbound,Fields Corner,6
2150029,  215,7,  215_7,215,215.7,1,Route 215_7 inbound,East Milton,1
2160006,  216,_,  216_,216,216,0,Route 216_ outbound,Houghs Neck,35
2160051,  216,_,  216_,216,216,1,Route 216_ inbound,Quincy Center,36
2160012,  216,1,  216_1,216,216.1,0,Route 216_1 outbound,Houghs Neck,1
2160047,  216,2,  216_2,216,216.2,0,Route 216_2 outbound,Houghs Neck via Germantown,72
2160049,  216,2,  216_2,216,216.2,1,Route 216_2 inbound,Quincy Center,72
2160013,  216,3,  216_3,216,216.3,0,Route 216_3 outbound,Houghs Neck,1
2160048,  216,4,  216_4,216,216.4,0,Route 216_4 outbound,Houghs Neck via McGrath,17
2160050,  216,4,  216_4,216,216.4,1,Route 216_4 inbound,Quincy Center via McGrath Hwy,17
2170060,  217,1,  217_1,217,217.1,0,Route 217_1 outbound,Quincy Center via North Quincy,1
2170036,  217,2,  217_2,217,217.2,1,Route 217_2 inbound,Bryant Ave at Upton St,1
2170051,  217,3,  217_3,217,217.3,1,Route 217_3 inbound,Ashmont,1
2170059,  217,8,  217_8,217,217.8,0,Route 217_8 outbound,Quincy Center via North Quincy,1
2170058,  217,9,  217_9,217,217.9,0,Route 217_9 outbound,Quincy Center,2
2170050,  217,9,  217_9,217,217.9,1,Route 217_9 inbound,Ashmont,3
2200060,  220,3,  220_3,220,220.3,0,Route 220_3 outbound,Hingham Square,46
2200012,  220,3,  220_3,220,220.3,1,Route 220_3 inbound,Quincy Center,48
2200058,  220,4,  220_4,220,220.4,0,Route 220_4 outbound,Hingham Square via Center,38
2200013,  220,4,  220_4,220,220.4,1,Route 220_4 inbound,Quincy Center,35
2200061,  220,5,  220_5,220,220.5,0,Route 220_5 outbound,Hingham Square via Shipyard,2
2200016,  220,5,  220_5,220,220.5,1,Route 220_5 inbound,Quincy Center via Shipyard,6
2200059,  220,9,  220_9,220,220.9,0,Route 220_9 outbound,Hingham Square via Shipyard,3
2210025,  221,_,  221_,221,221,0,Route 221_ outbound,Fort Point,4
2210014,  221,_,  221_,221,221,1,Route 221_ inbound,Quincy Center,4
2220058,  222,_,  222_,222,222,0,Route 222_ outbound,East Weymouth,37
2220027,  222,_,  222_,222,222,1,Route 222_ inbound,Quincy Center,37
2220060,  222,1,  222_1,222,222.1,0,Route 222_1 outbound,East Weymouth via Essex St,5
2220025,  222,1,  222_1,222,222.1,1,Route 222_1 inbound,Quincy Center via Essex St,5
2220059,  222,9,  222_9,222,222.9,0,Route 222_9 outbound,Washington & Pleasant St Weymouth,40
2220026,  222,9,  222_9,222,222.9,1,Route 222_9 inbound,Quincy Center,40
2250101,  225,_,  225_,225,225,0,Route 225_ outbound,Weymouth Landing via Quincy Ave,15
2250091,  225,_,  225_,225,225,1,Route 225_ inbound,Quincy Center via Quincy Ave,14
2250097,  225,1,  225_1,225,225.1,0,Route 225_1 outbound,Weymouth Landing,49
2250096,  225,1,  225_1,225,225.1,1,Route 225_1 inbound,Quincy Center,47
2250100,  225,2,  225_2,225,225.2,0,Route 225_2 outbound,Fore River Shipyard via Shaw St,1
2250027,  225,2,  225_2,225,225.2,1,Route 225_2 inbound,Quincy Center via Shaw St,4
2250095,  225,3,  225_3,225,225.3,0,Route 225_3 outbound,Columbian Square,16
2250099,  225,3,  225_3,225,225.3,1,Route 225_3 inbound,Quincy Center,16
2250043,  225,4,  225_4,225,225.4,0,Route 225_4 outbound,Weymouth Landing via Shaw St,25
2250029,  225,4,  225_4,225,225.4,1,Route 225_4 inbound,Quincy Center via Shaw St,28
2250044,  225,5,  225_5,225,225.5,0,Route 225_5 outbound,Columbian Square via Shaw St,9
2250040,  225,5,  225_5,225,225.5,1,Route 225_5 inbound,Quincy Center via Shaw St,9
2300010,  230,3,  230_3,230,230.3,0,Route 230_3 outbound,Montello,54
2300008,  230,3,  230_3,230,230.3,1,Route 230_3 inbound,Quincy Center,49
2300027,  230,4,  230_4,230,230.4,0,Route 230_4 outbound,Montello,1
2300026,  230,4,  230_4,230,230.4,1,Route 230_4 inbound,Braintree,1
2300011,  230,5,  230_5,230,230.5,0,Route 230_5 outbound,Montello via Linwood,4
2300009,  230,5,  230_5,230,230.5,1,Route 230_5 inbound,Quincy Center via Linwood,11
2360007,  236,2,  236_2,236,236.2,0,Route 236_2 outbound,South Shore Plaza,36
2360005,  236,2,  236_2,236,236.2,1,Route 236_2 inbound,Quincy Center,36
2360009,  236,3,  236_3,236,236.3,0,Route 236_3 outbound,Braintree,4
2360006,  236,3,  236_3,236,236.3,1,Route 236_3 inbound,Quincy Center,4
2380051,  238,3,  238_3,238,238.3,0,Route 238_3 outbound,Avon Square,6
2380058,  238,3,  238_3,238,238.3,1,Route 238_3 inbound,Quincy Center,7
2380056,  238,5,  238_5,238,238.5,0,Route 238_5 outbound,Crawford Square,1
2380049,  238,7,  238_7,238,238.7,0,Route 238_7 outbound,Crawford Square,32
2380050,  238,7,  238_7,238,238.7,1,Route 238_7 inbound,Quincy Center,26
2380048,  238,9,  238_9,238,238.9,0,Route 238_9 outbound,Holbrook/Randolph,19
2380047,  238,9,  238_9,238,238.9,1,Route 238_9 inbound,Quincy Center,21
2400090,  240,_,  240_,240,240,0,Route 240_ outbound,Crawford Square,26
2400076,  240,_,  240_,240,240,1,Route 240_ inbound,Ashmont,31
2400089,  240,1,  240_1,240,240.1,0,Route 240_1 outbound,Avon Square,42
2400074,  240,1,  240_1,240,240.1,1,Route 240_1 inbound,Ashmont,47
2400025,  240,2,  240_2,240,240.2,0,Route 240_2 outbound,Crawford Square,1
2400036,  240,2,  240_2,240,240.2,1,Route 240_2 inbound,Quincy Center via North Randolph,4
2400016,  240,3,  240_3,240,240.3,0,Route 240_3 outbound,Holbrook/Randolph via Crawford Square,1
2400037,  240,3,  240_3,240,240.3,1,Route 240_3 inbound,Quincy Center via North Randolph,3
2400092,  240,4,  240_4,240,240.4,0,Route 240_4 outbound,Avon Square,4
2400018,  240,7,  240_7,240,240.7,0,Route 240_7 outbound,Avon Square,1
2400038,  240,7,  240_7,240,240.7,1,Route 240_7 inbound,Quincy Center via North Randolph,1
2400019,  240,8,  240_8,240,240.8,0,Route 240_8 outbound,Avon Square,1
2400091,  240,9,  240_9,240,240.9,0,Route 240_9 outbound,Holbrook/Randolph via Crawford Square,17
2400075,  240,9,  240_9,240,240.9,1,Route 240_9 inbound,Ashmont,14
2400077,  240,G,  240_G,240,240.91,1,Route 240_G inbound,Ashmont,1
2450015,  245,_,  245_,245,245,0,Route 245_ outbound,Quincy Center,12
2450012,  245,_,  245_,245,245,1,Route 245_ inbound,Mattapan,12
2450013,  245,1,  245_1,245,245.1,0,Route 245_1 outbound,Quincy Center via Brook Rd,3
2450011,  245,1,  245_1,245,245.1,1,Route 245_1 inbound,Mattapan via Brook Rd,4
2450014,  245,2,  245_2,245,245.2,0,Route 245_2 outbound,Quincy Center via Canton Ave,1
2450030,  245,5,  245_5,245,245.5,1,Route 245_5 inbound,Beale & Newport,1
3250015,  325,_,  325_,325,325,0,Route 325_ outbound,Elm St Medford (Express),6
3250012,  325,_,  325_,325,325,1,Route 325_ inbound,Haymarket (Express),6
3250013,  325,1,  325_1,325,325.1,0,Route 325_1 outbound,Elm St Medford (Express),5
3250011,  325,1,  325_1,325,325.1,1,Route 325_1 inbound,Haymarket (Express),8
3250019,  325,2,  325_2,325,325.2,0,Route 325_2 outbound,Roosevelt Cir (Express),3
3250054,  325,3,  325_3,325,325.3,0,Route 325_3 outbound,Redstone via Medford (Express),1
3250051,  325,3,  325_3,325,325.3,1,Route 325_3 inbound,Haymarket via I-93 (Express),1
3260010,  326,_,  326_,326,326,0,Route 326_ outbound,West Medford (Express),11
3260008,  326,_,  326_,326,326,1,Route 326_ inbound,Haymarket (Express),6
3260009,  326,1,  326_1,326,326.1,0,Route 326_1 outbound,West Medford (Express),5
3260007,  326,1,  326_1,326,326.1,1,Route 326_1 inbound,Haymarket (Express),12
3260012,  326,2,  326_2,326,326.2,0,Route 326_2 outbound,Medford Square (Express),1
3500036,  350,3,  350_3,350,350.3,0,Route 350_3 outbound,Burlington Mall,1
3500033,  350,4,  350_4,350,350.4,0,Route 350_4 outbound,Burlington,9
3500003,  350,4,  350_4,350,350.4,1,Route 350_4 inbound,Alewife,11
3500034,  350,5,  350_5,350,350.5,0,Route 350_5 outbound,Burlington via Mall,42
3500004,  350,5,  350_5,350,350.5,1,Route 350_5 inbound,Alewife via Mall,46
3500035,  350,7,  350_7,350,350.7,0,Route 350_7 outbound,Burlington via Mall Rd.,7
3500048,  350,9,  350_9,350,350.9,0,Route 350_9 outbound,Burlington,1
3500047,  350,9,  350_9,350,350.9,1,Route 350_9 inbound,Arlington Center,1
3510050,  351,3,  351_3,351,351.3,0,Route 351_3 outbound,Oak Park & Bedford Woods (Express),4
3510046,  351,3,  351_3,351,351.3,1,Route 351_3 inbound,Alewife (Express),4
3520017,  352,_,  352_,352,352,0,Route 352_ outbound,Burlington (Express),8
3520016,  352,_,  352_,352,352,1,Route 352_ inbound,Boston (Express),9
3540009,  354,_,  354_,354,354,0,Route 354_ outbound,Woburn (Express),8
3540023,  354,_,  354_,354,354,1,Route 354_ inbound,Boston (Express),9
3540006,  354,3,  354_3,354,354.3,0,Route 354_3 outbound,Woburn via West Cummings (Express),1
3540003,  354,3,  354_3,354,354.3,1,Route 354_3 inbound,Boston via West Cummings (Express),1
3540007,  354,4,  354_4,354,354.4,0,Route 354_4 outbound,Burlington (Express),6
3540008,  354,5,  354_5,354,354.5,0,Route 354_5 outbound,Woburn via Medford Square (Express),5
3540004,  354,5,  354_5,354,354.5,1,Route 354_5 inbound,Boston via Medford Square (Express),5
4110030,  411,1,  411_1,411,411.1,0,Route 411_1 outbound,Granada Highlands,6
4110045,  411,1,  411_1,411,411.1,1,Route 411_1 inbound,Malden,7
4110055,  411,8,  411_8,411,411.8,0,Route 411_8 outbound,Revere House,19
4110054,  411,8,  411_8,411,411.8,1,Route 411_8 inbound,Malden,21
4240009,  424,_,  424_,424,424,0,Route 424_ outbound,Eastern & Essex via Western Ave (Express),4
4240012,  424,6,  424_6,424,424.6,1,Route 424_6 inbound,Wonderland,5
4260123,  426,_,  426_,426,426,0,Route 426_ outbound,Central Square via Cliftondale,25
4260036,  426,_,  426_,426,426,1,Route 426_ inbound,Haymarket via Cliftondale,26
4260037,  426,1,  426_1,426,426.1,0,Route 426_1 outbound,West Lynn via Cliftondale,5
4260129,  426,1,  426_1,426,426.1,1,Route 426_1 inbound,Haymarket via Cliftondale,4
4260028,  426,2,  426_2,426,426.2,0,Route 426_2 outbound,Central Square,2
4260029,  426,3,  426_3,426,426.3,0,Route 426_3 outbound,Central Square,2
4260020,  426,4,  426_4,426,426.4,0,Route 426_4 outbound,Central Square,1
4260124,  426,5,  426_5,426,426.5,0,Route 426_5 outbound,Central Square via Cliftondale,1
4260125,  426,7,  426_7,426,426.7,0,Route 426_7 outbound,Central Square via Cliftondale,30
4260046,  426,7,  426_7,426,426.7,1,Route 426_7 inbound,Wonderland via Cliftondale,34
4260048,  426,9,  426_9,426,426.9,0,Route 426_9 outbound,Central Square via Cliftondale,6
4280007,  428,_,  428_,428,428,0,Route 428_ outbound,Oaklandvale via Cliftondale (Express),3
4280006,  428,_,  428_,428,428,1,Route 428_ inbound,Haymarket via Cliftondale (Express),3
4290105,  429,_,  429_,429,429,0,Route 429_ outbound,Northgate Shopping Ctr via Square One Mall,35
4290113,  429,_,  429_,429,429,1,Route 429_ inbound,Central Square via Square One Mall,35
4290102,  429,1,  429_1,429,429.1,0,Route 429_1 outbound,Northgate Shopping Ctr,3
4290114,  429,1,  429_1,429,429.1,1,Route 429_1 inbound,Central Square,4
4290107,  429,2,  429_2,429,429.2,0,Route 429_2 outbound,Northgate Shopping Ctr via Square One Mall,5
4290115,  429,2,  429_2,429,429.2,1,Route 429_2 inbound,Central Square via Square One Mall,6
4290041,  429,3,  429_3,429,429.3,0,Route 429_3 outbound,Kings Lynn,4
4290036,  429,3,  429_3,429,429.3,1,Route 429_3 inbound,Central Square,3
4290037,  429,4,  429_4,429,429.4,1,Route 429_4 inbound,Central Square,2
4290116,  429,5,  429_5,429,429.5,0,Route 429_5 outbound,Kings Lynn,1
4300030,  430,1,  430_1,430,430.1,0,Route 430_1 outbound,Saugus Center via Square One Mall,24
4300037,  430,1,  430_1,430,430.1,1,Route 430_1 inbound,Malden via Square One Mall,24
4300032,  430,2,  430_2,430,430.2,0,Route 430_2 outbound,Saugus Center via Granada & Square One Mall,2
4300038,  430,2,  430_2,430,430.2,1,Route 430_2 inbound,Malden via Square One Mall & Granada,2
4300031,  430,6,  430_6,430,430.6,0,Route 430_6 outbound,Saugus Center,4
4300039,  430,6,  430_6,430,430.6,1,Route 430_6 inbound,Malden,4
4300040,  430,7,  430_7,430,430.7,0,Route 430_7 outbound,Square One Mall,1
4340014,  434,_,  434_,434,434,0,Route 434_ outbound,Peabody Square via Western Ave & Goodwins Cir (Express),1
4340015,  434,_,  434_,434,434,1,Route 434_ inbound,Haymarket via Goodwins Cir & Western Ave (Express),1
4350002,  435,_,  435_,435,435,0,Route 435_ outbound,Liberty Tree Mall via North Shore Mall,12
4350015,  435,_,  435_,435,435,1,Route 435_ inbound,Central Square via Malls,13
4350075,  435,1,  435_1,435,435.1,0,Route 435_1 outbound,Liberty Tree Mall via Pine Hill & N. Shore Mall,1
4350076,  435,1,  435_1,435,435.1,1,Route 435_1 inbound,Neptune Towers via Pine Hill & Central Sq,1
4350017,  435,2,  435_2,435,435.2,1,Route 435_2 inbound,Central Square,1
4350011,  435,3,  435_3,435,435.3,0,Route 435_3 outbound,Peabody Square via Pine Hill,1
4350018,  435,3,  435_3,435,435.3,1,Route 435_3 inbound,Central Square via Pine Hill,1
4350012,  435,4,  435_4,435,435.4,0,Route 435_4 outbound,Liberty Tree Mall via Danvers,4
4350019,  435,4,  435_4,435,435.4,1,Route 435_4 inbound,Central Square via Malls,4
4350044,  435,5,  435_5,435,435.5,0,Route 435_5 outbound,Danvers Square via Malls,1
4350065,  435,6,  435_6,435,435.6,0,Route 435_6 outbound,Liberty Tree Mall via N. Shore Mall,18
4350067,  435,6,  435_6,435,435.6,1,Route 435_6 inbound,Neptune Towers via Central Sq,17
4360043,  436,_,  436_,436,436,0,Route 436_ outbound,Liberty Tree via North Shore Mall & Lynnfield St,18
4360041,  436,_,  436_,436,436,1,Route 436_ inbound,Central Square via Malls & Lynnfield St,18
4360042,  436,1,  436_1,436,436.1,0,Route 436_1 outbound,North Shore Mall via Lynnfield St,5
4360040,  436,1,  436_1,436,436.1,1,Route 436_1 inbound,Central Square via Lynnfield St,5
4360028,  436,2,  436_2,436,436.2,0,Route 436_2 outbound,Goodwin Circle,4
4360033,  436,2,  436_2,436,436.2,1,Route 436_2 inbound,Central Square,2
4360081,  436,3,  436_3,436,436.3,0,Route 436_3 outbound,Goodwin Circle,1
4360080,  436,3,  436_3,436,436.3,1,Route 436_3 inbound,Neptune Towers via Central Sq,1
4360012,  436,8,  436_8,436,436.8,1,Route 436_8 inbound,West Lynn Garage via Central Square,1
4360013,  436,9,  436_9,436,436.9,1,Route 436_9 inbound,West Lynn Garage via Central Square,1
4390009,  439,_,  439_,439,439,0,Route 439_ outbound,Nahant,2
4390006,  439,_,  439_,439,439,1,Route 439_ inbound,Central Square,4
4390021,  439,2,  439_2,439,439.2,0,Route 439_2 outbound,Nahant,1
4390016,  439,3,  439_3,439,439.3,0,Route 439_3 outbound,Nahant via Central Square,2
4390015,  439,3,  439_3,439,439.3,1,Route 439_3 inbound,Wonderland via Central Square,1
4410064,  441,6,  441_6,441,441.6,0,Route 441_6 outbound,Salem St at Humphrey,1
4410063,  441,6,  441_6,441,441.6,1,Route 441_6 inbound,Wonderland via Paradise Rd & Central Square,5
4410061,  441,7,  441_7,441,441.7,0,Route 441_7 outbound,Marblehead via Central Square & Paradise Rd,38
4410060,  441,7,  441_7,441,441.7,1,Route 441_7 inbound,Wonderland via Paradise Rd & Central Square,37
4410035,  441,9,  441_9,441,441.9,0,Route 441_9 outbound,Marblehead via Central Square & Paradise Rd,3
4410054,  441,9,  441_9,441,441.9,1,Route 441_9 inbound,West Lynn via Paradise Rd & Central Square,4
4420053,  442,1,  442_1,442,442.1,0,Route 442_1 outbound,Central Square,11
4420051,  442,1,  442_1,442,442.1,1,Route 442_1 inbound,Wonderland,4
4420054,  442,6,  442_6,442,442.6,0,Route 442_6 outbound,Salem St at Humphrey,4
4420111,  442,6,  442_6,442,442.6,1,Route 442_6 inbound,Wonderland via Central Square & Humphrey,5
4420049,  442,7,  442_7,442,442.7,0,Route 442_7 outbound,Marblehead via Central Square & Humphrey,56
4420110,  442,7,  442_7,442,442.7,1,Route 442_7 inbound,Wonderland via Central Square & Humphrey,58
4420027,  442,9,  442_9,442,442.9,0,Route 442_9 outbound,Marblehead via Central Square & Humphrey,4
4420112,  442,9,  442_9,442,442.9,1,Route 442_9 inbound,West Lynn via Central Square & Humphrey,2
4480027,  448,_,  448_,448,448,1,Route 448_ inbound,Downtown Express via Airport and Paradise Rd,2
4480009,  448,1,  448_1,448,448.1,0,Route 448_1 outbound,Marblehead via Paradise Rd & Central Sq (Express),1
4480010,  448,2,  448_2,448,448.2,0,Route 448_2 outbound,Marblehead via Paradise Rd & Central Sq (Express),2
4490031,  449,_,  449_,449,449,1,Route 449_ inbound,Downtown Express via Airport and Humphrey St,3
4490014,  449,1,  449_1,449,449.1,0,Route 449_1 outbound,Marblehead via Humphrey St & Central Sq (Express),1
4490015,  449,2,  449_2,449,449.2,0,Route 449_2 outbound,Marblehead via Humphrey St & Central Sq (Express),2
4500071,  450,7,  450_7,450,450.7,0,Route 450_7 outbound,Salem Depot,31
4500026,  450,7,  450_7,450,450.7,1,Route 450_7 inbound,Wonderland,32
4500068,  450,8,  450_8,450,450.8,0,Route 450_8 outbound,Salem Depot,22
4500029,  450,8,  450_8,450,450.8,1,Route 450_8 inbound,Haymarket,20
4500070,  450,9,  450_9,450,450.9,0,Route 450_9 outbound,Salem Depot,6
4500027,  450,9,  450_9,450,450.9,1,Route 450_9 inbound,West Lynn Garage,6
4510023,  451,_,  451_,451,451,0,Route 451_ outbound,North Beverly via Cabot St,5
4510017,  451,_,  451_,451,451,1,Route 451_ inbound,Salem Depot via Cabot St,3
4510022,  451,1,  451_1,451,451.1,0,Route 451_1 outbound,North Beverly via Tozer Rd,3
4510016,  451,1,  451_1,451,451.1,1,Route 451_1 inbound,Salem Depot via Tozer Rd,5
4550023,  455,3,  455_3,455,455.3,1,Route 455_3 inbound,West Lynn via Central Square,1
4550047,  455,4,  455_4,455,455.4,0,Route 455_4 outbound,Salem Depot via Central Square,1
4550038,  455,5,  455_5,455,455.5,1,Route 455_5 inbound,Wonderland,4
4550039,  455,6,  455_6,455,455.6,0,Route 455_6 outbound,Salem Depot via Central Square,18
4550044,  455,6,  455_6,455,455.6,1,Route 455_6 inbound,Wonderland via Central Square,23
4550048,  455,7,  455_7,455,455.7,0,Route 455_7 outbound,Salem Depot via Central Square,43
4550040,  455,7,  455_7,455,455.7,1,Route 455_7 inbound,Wonderland via Central Square,46
4550049,  455,8,  455_8,455,455.8,0,Route 455_8 outbound,Salem Depot via Central Square,5
4550006,  455,8,  455_8,455,455.8,1,Route 455_8 inbound,West Lynn via Central Square,2
4550019,  455,9,  455_9,455,455.9,0,Route 455_9 outbound,Salem Depot via Central Square,2
4560029,  456,_,  456_,456,456,0,Route 456_ outbound,Salem Depot,6
4560003,  456,_,  456_,456,456,1,Route 456_ inbound,Central Square,6
4560030,  456,9,  456_9,456,456.9,0,Route 456_9 outbound,Salem Depot,2
4590003,  459,_,  459_,459,459,0,Route 459_ outbound,Salem Depot via Airport & Central Square (Express),12
4590002,  459,_,  459_,459,459,1,Route 459_ inbound,Downtown via Central Square & Airport (Express),11
4650002,  465,_,  465_,465,465,0,Route 465_ outbound,Danvers Square via Peabody Square & Malls,16
4650003,  465,_,  465_,465,465,1,Route 465_ inbound,Salem Depot via Malls & Peabody Square,17
4650008,  465,1,  465_1,465,465.1,0,Route 465_1 outbound,Danvers Square via North & Margin,2
4650004,  465,1,  465_1,465,465.1,1,Route 465_1 inbound,Salem Depot via North & Margin,2
5010028,  501,_,  501_,501,501,0,Route 501_ outbound,Brighton (Express),16
5010026,  501,_,  501_,501,501,1,Route 501_ inbound,Downtown (Express),26
5010027,  501,1,  501_1,501,501.1,0,Route 501_1 outbound,Brighton (Express),25
5010023,  501,1,  501_1,501,501.1,1,Route 501_1 inbound,Downtown (Express),8
5010025,  501,3,  501_3,501,501.3,1,Route 501_3 inbound,Downtown (Express),9
5020009,  502,_,  502_,502,502,0,Route 502_ outbound,Watertown (Express),26
5020008,  502,_,  502_,502,502,1,Route 502_ inbound,Copley (Express),28
5030016,  503,_,  503_,503,503,0,Route 503_ outbound,Brighton Center via Cambridge St (Express),6
5030014,  503,_,  503_,503,503,1,Route 503_ inbound,Copley (Express),9
5030023,  503,1,  503_1,503,503.1,0,Route 503_1 outbound,Brighton Center (Express),6
5030022,  503,1,  503_1,503,503.1,1,Route 503_1 inbound,Copley (Express),4
5040016,  504,_,  504_,504,504,0,Route 504_ outbound,Watertown (Express),33
5040014,  504,_,  504_,504,504,1,Route 504_ inbound,Downtown (Express),30
5040015,  504,2,  504_2,504,504.2,0,Route 504_2 outbound,Watertown via Copley (Express),33
5040013,  504,2,  504_2,504,504.2,1,Route 504_2 inbound,Downtown via Copley (Express),37
5050007,  505,_,  505_,505,505,0,Route 505_ outbound,Waltham Central Square (Express),11
5050005,  505,_,  505_,505,505,1,Route 505_ inbound,Downtown (Express),20
5050006,  505,1,  505_1,505,505.1,0,Route 505_1 outbound,Waltham Central Square (Express),15
5050004,  505,1,  505_1,505,505.1,1,Route 505_1 inbound,Downtown (Express),10
5530054,  553,_,  553_,553,553,0,Route 553_ outbound,Roberts  (Express),15
5530013,  553,_,  553_,553,553,1,Route 553_ inbound,Downtown (Express),14
5530016,  553,1,  553_1,553,553.1,0,Route 553_1 outbound,Waltham via Copley (Express),5
5530015,  553,1,  553_1,553,553.1,1,Route 553_1 inbound,Downtown via Copley (Express),3
5530053,  553,7,  553_7,553,553.7,0,Route 553_7 outbound,Roberts,18
5530012,  553,7,  553_7,553,553.7,1,Route 553_7 inbound,Newton Corner,19
5540012,  554,_,  554_,554,554,0,Route 554_ outbound,Waverly (Express),11
5540010,  554,_,  554_,554,554,1,Route 554_ inbound,Downtown (Express),11
5540018,  554,2,  554_2,554,554.2,0,Route 554_2 outbound,Waverly via Trapelo Rd (Express),3
5540009,  554,2,  554_2,554,554.2,1,Route 554_2 inbound,Downtown via Trapelo Rd (Express),3
5560008,  556,_,  556_,556,556,0,Route 556_ outbound,Waltham Highland (Express),6
5560006,  556,_,  556_,556,556,1,Route 556_ inbound,Downtown  (Express),8
5560007,  556,7,  556_7,556,556.7,0,Route 556_7 outbound,Waltham Highlands,8
5560005,  556,7,  556_7,556,556.7,1,Route 556_7 inbound,Newton Corner,8
5580007,  558,_,  558_,558,558,0,Route 558_ outbound,Riverside (Express),6
5580010,  558,_,  558_,558,558,1,Route 558_ inbound,Downtown (Express),6
5580006,  558,7,  558_7,558,558.7,0,Route 558_7 outbound,Riverside,4
5580009,  558,7,  558_7,558,558.7,1,Route 558_7 inbound,Newton Corner,4
7010029,  701,_,  701_,701,701,0,Route 701_ outbound,Central Square (Limited Stops),33
7010028,  701,_,  701_,701,701,1,Route 701_ inbound,Boston Medical Center (Limited Stops),29
7010027,  701,1,  701_1,701,701.1,1,Route 701_1 inbound,Boston Medical Center (Limited Stops),3
7080027,  708,_,  708_,708,708,0,Route 708_ outbound,Beth Israel (Limited Stops),14
7080020,  708,_,  708_,708,708,1,Route 708_ inbound,Andrew (Limited Stops),14
7080026,  708,1,  708_1,708,708.1,0,Route 708_1 outbound,Beth Israel (Limited Stops),13
7080036,  708,1,  708_1,708,708.1,1,Route 708_1 inbound,Andrew (Limited Stops),13
7080021,  708,2,  708_2,708,708.2,0,Route 708_2 outbound,Boston Medical Center (Limited Stops),9
7080019,  708,2,  708_2,708,708.2,1,Route 708_2 inbound,Andrew (Limited Stops),9
7100025,  710,_,  710_,710,710,0,Route 710_ outbound,Highland/Doonan,5
7100024,  710,_,  710_,710,710,1,Route 710_ inbound,Super Stop & Shop,6
7100022,  710,1,  710_1,710,710.1,0,Route 710_1 outbound,Highland/Doonan,1
7100027,  710,3,  710_3,710,710.3,0,Route 710_3 outbound,Meadow Glen Mall,1
7100023,  710,4,  710_4,710,710.4,0,Route 710_4 outbound,Highland/Doonan,3
7100026,  710,4,  710_4,710,710.4,1,Route 710_4 inbound,Wellington Station,2
7100016,  710,5,  710_5,710,710.5,0,Route 710_5 outbound,Highland/Doonan (No Mall),2
7100007,  710,5,  710_5,710,710.5,1,Route 710_5 inbound,Wellington Station (No Mall),3
7120029,  712,_,  712_,712,712,0,Route 712_ outbound,Point Shirley,64
7120032,  712,_,  712_,712,712,1,Route 712_ inbound,Orient Heights,45
7120031,  712,4,  712_4,712,712.4,0,Route 712_4 outbound,Winthrop Beach,16
7120030,  712,4,  712_4,712,712.4,1,Route 712_4 inbound,Orient Heights,46
7130012,  713,_,  713_,713,713,0,Route 713_ outbound,Point Shirley,44
7130010,  713,_,  713_,713,713,1,Route 713_ inbound,Orient Heights,66
7130011,  713,4,  713_4,713,713.4,0,Route 713_4 outbound,Winthrop Beach,44
7130013,  713,4,  713_4,713,713.4,1,Route 713_4 inbound,Orient Heights,15
7140002,  714,_,  714_,714,714,0,Route 714_ outbound,"Pemberton Point, Hull",25
7140005,  714,_,  714_,714,714,1,Route 714_ inbound,"Station Street, Hingham",24
7140004,  714,1,  714_1,714,714.1,0,Route 714_1 outbound,Pemberton Point via Hull Medical Center,3
7140001,  714,1,  714_1,714,714.1,1,Route 714_1 inbound,Station Street via Hull Medical Center,5
7140003,  714,2,  714_2,714,714.2,0,Route 714_2 outbound,Pemberton Point via Washington Boulevard,4
7140006,  714,2,  714_2,714,714.2,1,Route 714_2 inbound,Station Street via Washington Boulevard,3
7160001,  716,_,  716_,716,716,0,Route 716_ outbound,"Cobbs Corner, Canton",17
7160002,  716,_,  716_,716,716,1,Route 716_ inbound,Mattapan,17
7410004,  741,_,  741_,741,741,0,Route 741_ outbound,Logan Airport,345
7410003,  741,_,  741_,741,741,1,Route 741_ inbound,South Station,350
7420008,  742,_,  742_,742,742,0,Route 742_ outbound,Drydock,151
7420029,  742,_,  742_,742,742,1,Route 742_ inbound,South Station,152
7420032,  742,1,  742_1,742,742.1,0,Route 742_1 outbound,Drydock,82
7420003,  742,1,  742_1,742,742.1,1,Route 742_1 inbound,South Station,80
7420007,  742,3,  742_3,742,742.3,0,Route 742_3 outbound,Drydock,56
7420028,  742,3,  742_3,742,742.3,1,Route 742_3 inbound,South Station,51
7460004,  746,_,  746_,746,746,0,Route 746_ outbound,Silver Line Way,119
7460003,  746,_,  746_,746,746,1,Route 746_ inbound,South Station,125
7470021,  747,_,  747_,747,747,0,Route 747_ outbound,Sullivan (Limited Stops),30
7470009,  747,_,  747_,747,747,1,Route 747_ inbound,Ruggles (Limited Stops),29
7490008,  749,_,  749_,749,749,0,Route 749_ outbound,Dudley,408
7490007,  749,_,  749_,749,749,1,Route 749_ inbound,Downtown,408
7510008,  751,_,  751_,751,751,0,Route 751_ outbound,Dudley,233
7510007,  751,_,  751_,751,751,1,Route 751_ inbound,South Station,232
97010026, 9701,, 9701_,9701,9701,1,Route 9701_ inbound,Ruggles,2
97020013, 9702,, 9702_,9702,9702,1,Route 9702_ inbound,Andrew,1
97030015, 9703,, 9703_,9703,9703,1,Route 9703_ inbound,Jackson,1
